DDBJ/ENA/GenBank Accession,UBA Genome ID,SRA Bin ID,Genome Quality,CheckM Completeness,CheckM Contamination,CheckM Strain Heterogeneity,NCBI Organism Name,SSU Length (bp),SSU Percent Identity (top hit),SSU SILVA Taxonomy (top hit),SSU Top Hit in SILVA,Genome Size (bp),GC,Coverage,Bases >5x Coverage (%),No. Ambiguous Bases,No. Contigs,No. Scaffolds,No. Predicted Genes,Coding density,Longest Contig (bp),Longest Scaffold (bp),Mean Contig Length (bp),Mean Scaffold Length (bp),N50 (contigs),N50 (scaffolds),Translation Table,Scaffolds Removed by Filtering,Standard tRNAs,Selenocysteine tRNAs (TCA),tRNAs Decoding Standard 20 AA,Total tRNAs,Percent PG (relative to NCBI genomes),CheckM Marker Lineage,CheckM # genomes,CheckM # marker sets,CheckM # markers,CheckM Insertion Branch ID
DBAS00000000,UBA1004,ERX556000,Near complete,93.01,1.08,25,Halomonas salina [species],,,,,4816118,64.1861101,18.75,99.72176356,54700,334,161,4157,0.850519859,96087,109234,14255,29913,28964,44032,11,11,17,0,40,46,0,c__Gammaproteobacteria (UID4444),263,232,506,UID4450
DBAN00000000,UBA1009,ERX556007,Near complete,97.12,0.68,0,Akkermansiaceae bacterium UBA1009 [family],,,,,3571133,51.69732975,31.48,99.96763863,39144,257,147,3009,0.894405781,117154,228013,13743,24293,25473,50479,11,4,18,0,32,32,0.022243,k__Bacteria (UID2982),88,147,229,UID3057
DBAM00000000,UBA1010,ERX556007,Near complete,99.41,0.72,33.33,Alteromonas macleodii [species],,,,,4801336,44.63571334,28.36,99.98948824,16217,197,151,4175,0.874597404,135979,140493,24289,31796,41998,57488,11,1,16,0,39,40,0,c__Gammaproteobacteria (UID4761),52,297,693,UID4781
DBAK00000000,UBA1012,ERX556005,Near complete,93.8,2.97,8.33,Gammaproteobacteria bacterium UBA1012 [class],,,,,5208286,54.46485159,15.3,98.75952825,47185,378,228,4665,0.899878962,141567,142451,13653,22843,22780,35240,11,3,10,0,19,19,0.009648,c__Gammaproteobacteria (UID4443),356,270,451,UID4679
DBAI00000000,UBA1014,ERX556008,Medium,86.9,0.84,0,Deltaproteobacteria bacterium UBA1014 [class],,,,,3830150,46.64117287,18.28,99.57806504,85971,612,377,3742,0.853346475,46106,47243,6117,10159,9904,14161,11,46,14,0,19,19,0.003468,k__Bacteria (UID3187),2258,119,190,UID3298
DCAY00000000,UBA1121,ERX556139,Medium,82.95,0.84,0,Deltaproteobacteria bacterium UBA1121 [class],747,99.731,Bacteria;Proteobacteria;Deltaproteobacteria;SAR324 clade(Marine group B);uncultured bacterium,HQ672334.1.1461,3151468,57.13052857,22.47,99.88933712,93532,595,335,3219,0.878709224,34468,49911,5139,9407,8629,12944,11,3,12,0,20,22,0.014366,k__Bacteria (UID3187),2258,119,190,UID3298
DCAQ00000000,UBA1129,SRX1075081,Near complete,100,0.92,40,Halomonas titanicae [species],,,,,5216140,54.78884179,388.46,100.0008828,5663,98,57,4821,0.896316817,303544,305912,53168,91511,128332,143952,11,56,19,0,57,57,0,c__Gammaproteobacteria (UID4444),263,232,506,UID4459
DCAH00000000,UBA1138,SRX1075082,Medium,90.96,5.82,0,Gemmatimonadales bacterium UBA1138 [order],433,97.664,Bacteria;Proteobacteria;Gammaproteobacteria;Oceanospirillales;ZD0405;uncultured bacterium,HQ673338.1.1513,4287337,64.07313121,30.46,100.7723966,67743,707,133,4160,0.863307923,78824,287184,5968,32235,14910,68401,11,0,13,1,23,25,0.027561,k__Bacteria (UID2495),2993,91,147,UID2567
DBZM00000000,UBA1160,SRX461673,Near complete,97.29,0.84,0,Candidatus UBP10 bacterium UBA1160 [phylum],1103,99.271,Bacteria;Proteobacteria;Deltaproteobacteria;GR-WP33-30;uncultured bacterium,FN870226.1.1529,3666936,61.34543828,120.38,100.0002455,1216,60,47,3462,0.889576747,233241,233241,61095,78019,135447,138054,11,1,20,1,47,48,0.037239,k__Bacteria (UID3187),2258,119,190,UID3215
DBXW00000000,UBA1202,SRX035182,Near complete,93.82,2.25,0,Elusimicrobia bacterium UBA1202 [phylum],1393,97.128,Bacteria;Elusimicrobia;Elusimicrobia;Elusimicrobiales;Elusimicrobiaceae;Elusimicrobium;uncultured rumen bacterium,JX218505.1.1469,1380041,45.3958231,63.07,99.98717096,359,19,12,1288,0.927878954,406225,481330,72614,115003,105469,112281,11,0,19,0,46,46,0.016382,k__Bacteria (UID2495),2993,89,143,UID2496
DBVE00000000,UBA1272,ERX289006,Medium,73.97,1.22,50,Planctomycetaceae bacterium UBA1272 [family],,,,,2528146,49.02809292,13.36,98.62775111,49514,395,241,2185,0.856229031,43351,56476,6275,10490,10831,16015,11,1,17,0,30,30,0.025037,k__Bacteria (UID2565),2921,87,142,UID2986
DBUL00000000,UBA1291,SRX822736,Medium,84.47,1.82,0,Rhizobiaceae bacterium UBA1291 [family],,,,,3985624,62.05021331,7.54,82.08660539,18827,474,267,4392,0.860501894,76601,82389,8368,14927,16635,21069,11,8,16,0,27,29,0.001665,f__Rhizobiaceae (UID3564),78,352,837,UID3601
DBTY00000000,UBA1304,SRX118448,Near complete,91.34,1.96,0,Ignavibacteriales bacterium UBA1304 [order],,,,,4172605,36.87909108,39.9,99.99772277,878,62,59,3446,0.901729495,258771,258771,67285,70722,114264,133465,11,0,18,0,40,40,0.013744,k__Bacteria (UID2570),433,179,270,UID2572
DBTJ00000000,UBA1319,SRX118448,Medium,87.4,4.05,0,Verrucomicrobia bacterium UBA1319 [phylum],,,,,5383881,57.58643299,9.72,99.23357525,85383,556,221,4458,0.847692585,82891,102647,9529,24361,21023,37580,11,2,17,0,34,34,0.014613,k__Bacteria (UID2982),88,148,230,UID3053
DBTI00000000,UBA1320,SRX118448,Medium,74.34,2.81,7.69,Ruminococcaceae bacterium UBA1320 [family],,,,,3424729,44.1001302,9.34,93.64193672,35222,459,319,3461,0.826380131,59408,75986,7384,10735,12933,15521,11,7,15,0,30,32,0.007839,o__Clostridiales (UID1212),172,149,263,UID1234
DBPV00000000,UBA1411,ERX250271,Near complete,92.58,3.37,11.11,Syntrophaceae bacterium UBA1411 [family],359,96.97,Bacteria;Proteobacteria;Deltaproteobacteria;Syntrophobacterales;Syntrophaceae;Smithella;uncultured bacterium,JN995367.1.1530,3423250,57.93576376,20.91,99.83223998,9445,297,148,3178,0.890549916,107454,143527,11494,23130,24420,42465,11,3,18,0,39,39,0.010748,c__Deltaproteobacteria (UID3216),83,155,247,UID3217
DCTU00000000,UBA1432,ERX250271,Medium,78.92,0.21,0,Candidatus UBP9 bacterium UBA1432 [phylum],,,,,3880862,67.89070452,12.22,97.33596484,19952,762,464,3663,0.89031612,60836,62568,5066,8363,8004,10824,11,22,15,1,22,23,0.040872,k__Bacteria (UID238),2248,78,125,UID238
DCTQ00000000,UBA1436,ERX250271,Near complete,90.81,1.12,0,Elusimicrobia bacterium UBA1436 [phylum],534,92.857,Bacteria;Elusimicrobia;Elusimicrobia;Elusimicrobiales;Elusimicrobiaceae;Elusimicrobium;uncultured bacterium,GQ864254.1.1473,1455743,54.31199113,9.95,92.69340905,2644,148,109,1429,0.899024759,100170,100956,9818,13355,15509,15797,11,2,17,0,34,34,0.015986,k__Bacteria (UID2495),2993,89,143,UID2496
DCTP00000000,UBA1437,ERX250271,Medium,74.61,2,0,Leptolinea sp. UBA1437 [genus],,,,,2041340,43.19264764,9.74,93.48533002,5857,252,157,1991,0.895974213,90656,90670,8077,13002,14121,18325,11,0,15,0,24,24,0.009545,k__Bacteria (UID1452),924,110,163,UID2310
DCSM00000000,UBA1466,SRX319063,Medium,78.83,0,0,Chloroflexaceae bacterium UBA1466 [family],,,,,2789874,50.24687267,26.87,99.81312183,19620,380,196,2297,0.869617051,44166,63376,7290,14234,12316,19062,11,1,17,0,35,36,0.01551,k__Bacteria (UID1452),924,106,155,UID2313
DCQY00000000,UBA1506,ERX555963,Near complete,96.4,0.68,0,Akkermansiaceae bacterium UBA1506 [family],,,,,3541285,51.68017423,30.07,99.96526138,35101,238,142,3001,0.896891383,83018,129872,14731,24938,27320,45465,11,4,16,0,31,31,0.022243,k__Bacteria (UID2982),88,147,229,UID3057
DCQD00000000,UBA1527,ERX555967,Medium,95.58,6.49,0,Akkermansiaceae bacterium UBA1527 [family],344,96.784,Bacteria;Verrucomicrobia;Verrucomicrobiae;Verrucomicrobiales;DEV007;uncultured bacterium,GU062016.1.1508,3611702,51.70809491,39.73,99.98347374,29524,222,137,3076,0.894822441,108932,170333,16135,26362,39594,60902,11,12,14,0,31,32,0.02338,k__Bacteria (UID2982),88,147,229,UID3057
DCOR00000000,UBA1565,SRX667739,Medium,85.58,0.07,0,Elusimicrobia bacterium UBA1565 [phylum],,,,,3600146,62.79298828,27.23,99.60957301,29440,658,408,3552,0.907141266,36191,42201,5426,8823,9116,12102,11,18,20,0,52,54,0.026826,k__Bacteria (UID2495),2993,89,143,UID2496
DCOM00000000,UBA1570,SRX667739,Medium,83.9,2.25,50,Elusimicrobia bacterium UBA1570 [phylum],,,,,2635795,56.41046248,16.18,97.9302287,22801,501,233,2525,0.856366675,43696,66311,5215,11312,9108,14579,11,4,17,0,38,38,0.026401,k__Bacteria (UID2495),2993,89,143,UID2496
DCNZ00000000,UBA1583,SRX894049,Near complete,96.44,0.44,0,Cyanobacteria bacterium UBA1583 [phylum],1484,99.594,Bacteria;Cyanobacteria;Cyanobacteria;SubsectionIII;FamilyI;Oscillatoria;uncultured bacterium,HM768339.1.1905,5347630,45.00001689,96.46,99.95501732,18912,467,272,4842,0.857998216,65346,104520,11410,19660,19498,30186,11,3,20,0,45,47,0.011758,p__Cyanobacteria (UID2189),82,450,579,UID2196
DCNQ00000000,UBA1592,SRX822388,Medium,76.04,1.32,0,Kocuria sp. UBA1592 [genus],,,,,2188132,68.59048694,17.21,98.95137967,27102,315,180,2064,0.857418565,47005,47005,6860,12156,16489,17255,11,4,16,0,34,34,0.000323,o__Actinomycetales (UID1530),622,152,257,UID1630
DCNL00000000,UBA1597,SRX206471,Medium,87.13,0.25,0,Bacillus subtilis [species],789,100,Bacteria;Firmicutes;Bacilli;Bacillales;Bacillaceae;Bacillus;Bacillus subtilis,JPNZ01000003.3261.4816,3577084,43.644809,2.86,99.94117909,3525,47,25,3572,0.884223015,370491,813662,76033,143083,160123,258982,11,1,15,0,25,25,0,g__Bacillus (UID865),36,269,1200,UID884
DCLJ00000000,UBA1651,SRX822093,Near complete,91.85,3.68,0,Bacillaceae bacterium UBA1651 [family],,,,,5435471,35.28643556,31.68,99.99294378,21810,373,208,5261,0.82809291,137917,148994,14513,26132,28806,39516,11,25,17,0,48,48,0.000139,f__Bacillaceae (UID829),128,183,559,UID860
DCLA00000000,UBA1660,ERX556108,Near complete,96.06,2.39,0,Myxococcales bacterium UBA1660 [order],,,,,7982088,71.55831539,22.97,99.91095607,46679,273,128,6769,0.915745855,164707,365520,29067,62360,62728,111026,11,2,18,0,44,45,0.014146,c__Deltaproteobacteria (UID3216),83,155,247,UID3291
DCKP00000000,UBA1671,ERX556106,Medium,95.57,7.17,0,Myxococcales bacterium UBA1671 [order],,,,,10191568,51.18352504,19.71,99.79428866,43367,443,312,7449,0.887962578,227153,409627,22907,32665,43838,57850,11,5,19,1,78,87,0.037944,c__Deltaproteobacteria (UID3216),83,155,247,UID3278
DDIX00000000,UBA1839,SRX822638,Near complete,95.35,0.25,0,Bacillus subtilis [species],,,,,3869972,43.66835156,26.75,99.99963823,103,11,10,3903,0.891315751,1046269,1046269,351806,386997,925135,1015692,11,0,19,0,46,46,0,g__Bacillus (UID865),36,269,1200,UID884
DDIR00000000,UBA1845,SRX201528,Near complete,91.4,3.41,0,Phycisphaerales bacterium UBA1845 [order],476,86.463,Bacteria;Planctomycetes;Phycisphaerae;CCM11a;uncultured bacterium,EU050876.1.1412,5246478,57.00318671,17.91,99.44518993,25412,386,148,4364,0.855750277,110992,177376,13526,35449,31728,60770,11,0,19,1,47,50,0.030696,k__Bacteria (UID2565),2921,88,143,UID2983
DDHT00000000,UBA1869,SRX822410,Medium,73.43,2.05,75,Achromobacter denitrificans [species],,,,,4453301,67.73563203,164.37,99.17381046,36881,717,475,4383,0.874131571,42225,42530,6159,9375,10814,12183,11,106,16,0,33,33,0,o__Burkholderiales (UID4000),193,214,427,UID4163
DDGH00000000,UBA1907,ERX552351,Near complete,98.17,2.35,0,Rhodopirellula sp. UBA1907 [genus],1940,99.89,Bacteria;Planctomycetes;Planctomycetacia;Planctomycetales;Planctomycetaceae;Rhodopirellula;Rhodopirellula baltica WH47,AFAR01000001.26426.27952,7428692,55.77334053,17.88,99.7968238,60211,499,113,6006,0.865636508,107049,329482,14766,65740,31895,118119,11,1,20,0,56,63,0.000129,k__Bacteria (UID2565),2921,85,140,UID2989
DDGG00000000,UBA1908,ERX552351,Near complete,95.7,0,0,Alphaproteobacteria bacterium UBA1908 [class],,,,,1740990,41.03434943,17.36,99.78664343,8210,87,36,1560,0.866701704,92347,174936,19917,48360,48357,90650,11,3,18,0,30,33,0.019384,k__Bacteria (UID2565),2921,93,152,UID3304
DDFC00000000,UBA1938,SRX247688,Near complete,97.28,2.72,22.22,Verrucomicrobiaceae bacterium UBA1938 [family],,,,,6869499,60.9832156,92.57,99.98989698,263,47,43,5590,0.908375123,701169,701171,146153,159755,253470,302188,11,0,19,0,47,51,0.014431,k__Bacteria (UID2982),88,147,229,UID3057
DDEX00000000,UBA1943,SRX247688,Near complete,94.36,0.61,25,Rhodobacteraceae bacterium UBA1943 [family],,,,,3670989,63.72624536,36.71,99.69391054,2127,164,126,3751,0.914699554,157171,157171,22371,29134,40055,45150,11,11,17,0,41,41,0.004569,f__Rhodobacteraceae (UID3340),84,330,568,UID3341
DDES00000000,UBA1948,SRX247688,Medium,77.68,1.43,0,Novosphingobium sp. UBA1948 [genus],,,,,2559404,64.47747869,15.1,97.1320825,3403,309,251,2704,0.911826738,48488,48488,8271,10196,13923,14774,11,3,15,0,24,24,0.005045,o__Sphingomonadales (UID3310),26,293,569,UID3320
DDEG00000000,UBA1960,ERX555915,Near complete,96.93,0.83,11.11,Alteromonas macleodii [species],,,,,4819053,44.63792325,35.28,99.97146218,39431,376,267,4244,0.862772831,90038,90038,12711,18048,20486,27504,11,23,15,0,37,37,0.000315,c__Gammaproteobacteria (UID4761),52,297,693,UID4782
DDED00000000,UBA1963,ERX555915,Medium,88.07,0.25,0,Cellvibrionales bacterium UBA1963 [order],,,,,2428836,43.90203985,14.16,97.52392918,45867,365,224,2304,0.852561474,73905,87186,6528,10843,11351,15405,11,1,11,0,15,15,0.019898,c__Gammaproteobacteria (UID4443),356,270,451,UID4642
DDBQ00000000,UBA2028,SRX179287,Near complete,95.27,1.35,0,Clostridiales bacterium UBA2028 [order],,,,,4267866,35.68765786,101.65,99.98856487,315,219,217,3656,0.837120706,101858,101858,19486,19667,34218,34218,11,14,19,0,54,54,0.000492,o__Clostridiales (UID1212),172,148,262,UID1223
DCZY00000000,UBA2072,SRX822396,Medium,73.56,0,0,Paenibacillus sp. UBA2072 [genus],,,,,5856789,52.31322042,8.86,89.04664524,6417,315,251,5687,0.869083554,140029,140083,18572,23333,32098,34367,11,2,11,0,20,20,0.000151,k__Bacteria (UID203),5449,58,104,UID989
DCXS00000000,UBA2130,ERX556021,Near complete,95.16,0.65,0,Desulfobacteraceae bacterium UBA2130 [family],807,98.381,Bacteria;Proteobacteria;Deltaproteobacteria;Desulfobacterales;Desulfobacteraceae;SEEP-SRB1;uncultured bacterium,AB858610.1.1408,2980273,45.75399242,144.28,99.99973069,9706,100,71,2926,0.857513389,150764,150764,29705,41975,50383,65825,11,9,18,1,43,44,0.015691,c__Deltaproteobacteria (UID3216),83,155,247,UID3222
DCXK00000000,UBA2138,ERX556021,Medium,86.9,1.73,0,Deltaproteobacteria bacterium UBA2138 [class],,,,,4073867,46.4528664,30.37,99.9130162,63925,473,297,3922,0.866758291,72075,76299,8477,13716,15435,21144,11,14,13,0,23,23,0.003356,k__Bacteria (UID3187),2258,119,190,UID3298
DCWS00000000,UBA2156,ERX556027,Near complete,96.45,0.65,0,Desulfobacteraceae bacterium UBA2156 [family],314,97.106,Bacteria;Proteobacteria;Deltaproteobacteria;Desulfobacterales;Desulfobacteraceae;SEEP-SRB1;uncultured bacterium,AB858610.1.1408,2941156,45.87213578,64.4,99.98463236,6418,97,78,2894,0.856581902,150764,150764,30255,37707,58046,66852,11,6,17,1,41,42,0.015691,c__Deltaproteobacteria (UID3216),83,155,247,UID3222
DCWP00000000,UBA2159,ERX556027,Medium,87.21,0.84,0,Deltaproteobacteria bacterium UBA2159 [class],,,,,4040956,46.51272192,38.47,99.95703481,67972,470,284,3854,0.864871085,54492,66625,8453,14228,14935,21950,11,74,13,0,22,22,0.003431,k__Bacteria (UID3187),2258,119,190,UID3298
DCWA00000000,UBA2174,SRX327722,Near complete,96.13,1.94,0,Desulfobacteraceae bacterium UBA2174 [family],1562,98.073,Bacteria;Proteobacteria;Deltaproteobacteria;Desulfobacterales;Desulfobacteraceae;uncultured;uncultured bacterium,JN685472.1.1556,3857986,62.30681063,965.68,99.99626668,825,56,47,3432,0.874700167,238636,258985,68877,82084,113333,117314,11,27,20,1,46,48,0.018038,c__Deltaproteobacteria (UID3216),83,155,247,UID3222
DCVW00000000,UBA2178,SRX327722,Partial,60.91,0.91,0,Anaerolineaceae bacterium UBA2178 [family],894,96.804,Bacteria;Chloroflexi;Anaerolineae;Anaerolineales;Anaerolineaceae;uncultured;uncultured bacterium,JQ738975.1.1481,1924920,54.67277896,344.62,100.0015587,273,39,35,1753,0.87914199,226819,226819,49349,54997,65845,65845,11,0,13,0,25,26,0.006585,k__Bacteria (UID1452),924,110,163,UID2310
DCVL00000000,UBA2189,SRX327722,Near complete,95.81,0.22,0,Geobacter sp. UBA2189 [genus],,,,,3161092,46.949197,110.03,99.9979117,629,76,67,2962,0.917736023,266154,358065,41585,47180,84552,86368,11,3,19,1,40,42,0.006371,c__Deltaproteobacteria (UID3216),83,155,246,UID3289
DCVI00000000,UBA2192,SRX327722,Near complete,91.29,3.71,0,Syntrophaceae bacterium UBA2192 [family],,,,,3656972,59.42156841,61.45,99.92196829,5892,319,227,3592,0.850490515,73814,87689,11445,16110,18190,25278,11,21,16,1,31,33,0.016544,c__Deltaproteobacteria (UID3216),83,155,247,UID3217
DCVD00000000,UBA2197,SRX327722,Medium,79.94,1.94,40,Desulfuromonadaceae bacterium UBA2197 [family],,,,,2058525,56.7269329,39.41,99.86577155,8289,284,162,2116,0.901550868,99406,99408,7219,12706,15834,23114,11,76,12,1,18,19,0.014335,c__Deltaproteobacteria (UID3216),83,155,247,UID3279
DCUN00000000,UBA2213,SRX327722,Partial,58.77,1.75,0,Desulfobulbaceae bacterium UBA2213 [family],,,,,2455673,51.84854855,24.36,99.73022773,6941,327,214,2442,0.869373895,46885,89479,7488,11475,12758,16589,11,14,13,0,25,25,0.010132,k__Bacteria (UID203),5449,57,103,UID3235
DDYV00000000,UBA2225,SRX327722,Near complete,95.86,1.29,0,Desulfobacter sp. UBA2225 [genus],,,,,3868617,47.36675343,16.61,98.03176093,2420,390,357,3740,0.890624996,52971,52973,9913,10836,13545,13967,11,12,15,1,25,27,0.000619,c__Deltaproteobacteria (UID3216),83,155,247,UID3229
DDYQ00000000,UBA2230,SRX327722,Partial,53.43,0,0,Desulfobacteraceae bacterium UBA2230 [family],,,,,2485232,58.47567595,10.91,93.07692184,3778,334,271,2544,0.872192214,35064,37174,7429,9170,11528,12617,11,7,6,0,7,9,0.01248,c__Deltaproteobacteria (UID3216),83,155,247,UID3222
DDYP00000000,UBA2231,SRX327722,Medium,70.21,2.25,0,Elusimicrobia bacterium UBA2231 [phylum],,,,,2513022,63.69911757,12.68,96.72361732,3364,261,212,2451,0.929704953,53341,55360,9615,11853,16944,18906,11,11,16,0,33,33,0.027786,k__Bacteria (UID2495),2993,89,143,UID2496
DDYB00000000,UBA2245,SRX559894,Near complete,96.45,3.87,0,Desulfobacteraceae bacterium UBA2245 [family],,,,,3100170,54.06122417,99.83,99.8692883,218,38,35,2726,0.879284362,386925,386927,81577,88576,151130,151130,11,0,18,1,39,41,0.013808,c__Deltaproteobacteria (UID3216),83,155,247,UID3222
DDXC00000000,UBA2270,SRX559898,Medium,90.75,6.85,85.71,Desulfobulbaceae bacterium UBA2270 [family],,,,,3945729,48.79943075,899.68,99.99312779,2308,190,171,3741,0.865274833,137696,137696,20754,23074,37451,38914,11,4,17,2,35,37,0.009613,c__Deltaproteobacteria (UID3217),62,168,280,UID3235
DDWZ00000000,UBA2273,SRX559898,Near complete,99.34,0.2,0,Desulfobulbaceae bacterium UBA2273 [family],,,,,3195193,57.57231852,308.58,99.97217555,161,37,33,2941,0.887785495,221179,272546,86352,96824,129282,135561,11,23,19,1,45,46,0.011031,c__Deltaproteobacteria (UID3217),62,168,280,UID3234
DDVJ00000000,UBA2315,SRX646158,Near complete,94.59,0.86,25,Candidatus Accumulibacter phosphatis [species],,,,,4300152,66.19750979,636.06,99.9044134,23402,310,205,3947,0.886764235,129196,154078,13795,20976,26308,32053,11,18,18,0,42,42,0.000076,c__Betaproteobacteria (UID3971),223,210,424,UID3974
DDVF00000000,UBA2319,SRX646158,Near complete,95.36,0,0,Ignavibacteria bacterium UBA2319 [class],850,98.999,Bacteria;Chlorobi;Chlorobia;Chlorobiales;SJA-28;uncultured bacterium,HE650035.1.1353,3596367,35.7702998,127.73,99.95558835,7219,94,68,2969,0.895052146,249891,269537,38182,52887,71812,85807,11,7,20,0,39,39,0.013152,k__Bacteria (UID2570),433,183,273,UID2571
DDUX00000000,UBA2327,SRX646153,Near complete,92.43,0.29,0,Candidatus Accumulibacter phosphatis [species],1532,99.4,Bacteria;Proteobacteria;Betaproteobacteria;Rhodocyclales;Rhodocyclaceae;Candidatus Accumulibacter;uncultured bacterium,AB515726.1.1500,4436000,65.75580142,1155.03,99.91216795,38972,326,171,4113,0.872602119,95018,194905,13487,25941,24930,47004,11,20,19,0,40,40,0.000038,c__Betaproteobacteria (UID3971),223,210,424,UID3974
DDUU00000000,UBA2330,SRX646153,Near complete,95.36,0,0,Ignavibacteria bacterium UBA2330 [class],327,99.336,Bacteria;Chlorobi;Chlorobia;Chlorobiales;SJA-28;uncultured bacterium,HE650035.1.1353,3417121,35.82579347,81.02,99.93819306,3265,74,62,2796,0.901817056,268724,269177,46133,55114,77636,83060,11,1,19,0,36,37,0.013152,k__Bacteria (UID2570),433,183,273,UID2571
DDTL00000000,UBA2365,SRX646157,Near complete,96.66,0.25,0,Saprospiraceae bacterium UBA2365 [family],1524,98.326,Bacteria;Bacteroidetes;Sphingobacteriia;Sphingobacteriales;Saprospiraceae;uncultured;uncultured bacterium,FJ716291.1.1496,4340659,39.1210245,72.96,98.77969492,1744,231,207,3383,0.833164964,95771,106491,18783,20969,29093,31568,11,5,20,0,34,35,0.02082,p__Bacteroidetes (UID2591),364,202,302,UID2601
DDTJ00000000,UBA2367,SRX646157,Near complete,96.6,1.36,0,Akkermansiaceae bacterium UBA2367 [family],877,96.462,Bacteria;Verrucomicrobia;Verrucomicrobiae;Verrucomicrobiales;DEV007;uncultured bacterium,JN391557.1.1496,4377242,65.383298,68.98,99.97694452,843,124,110,3673,0.894743996,263725,263727,35293,39793,68220,68222,11,1,19,0,41,46,0.025245,k__Bacteria (UID2982),88,147,229,UID3057
DDSV00000000,UBA2381,SRX646157,Near complete,99.24,4.42,25,Akkermansiaceae bacterium UBA2381 [family],917,99.469,Bacteria;Verrucomicrobia;Verrucomicrobiae;Verrucomicrobiales;DEV007;uncultured Verrucomicrobiales bacterium,JQ624276.1.1501,5919985,58.09676777,18.61,99.57473106,907,72,60,5004,0.91186481,428067,428073,82209,98666,203177,203179,11,9,20,0,45,47,0.023462,k__Bacteria (UID2982),88,147,229,UID3057
DDST00000000,UBA2383,SRX646157,Near complete,96.26,0.57,0,Proteobacteria bacterium UBA2383 [phylum],,,,,3957331,55.31060432,17.71,98.98435203,2122,231,204,3673,0.901220798,119503,119509,17122,19398,29771,32454,11,1,15,0,34,35,0.004995,c__Gammaproteobacteria (UID4201),1164,174,275,UID4202
DDSR00000000,UBA2385,SRX646157,Near complete,90.38,2.52,0,Deltaproteobacteria bacterium UBA2385 [class],,,,,6755994,71.3950464,16.68,98.31944986,6240,599,496,5993,0.934312701,71298,74698,11268,13620,17082,18773,11,24,20,0,39,39,0.042752,k__Bacteria (UID3187),2258,119,190,UID3298
DDSQ00000000,UBA2386,SRX646157,Partial,66.32,0,0,Planctomycetes bacterium UBA2386 [phylum],813,96.305,Bacteria;Planctomycetes;OM190;uncultured bacterium,AF407728.1.1558,4266852,71.19209884,16.72,98.75519705,7222,324,209,3733,0.921785663,162395,166935,13147,20415,33788,47755,11,3,18,1,30,31,0.046876,k__Bacteria (UID2565),2921,88,143,UID2983
DDRY00000000,UBA2404,SRX646155,Medium,88.44,3.24,14.29,Proteobacteria bacterium UBA2404 [phylum],,,,,3606444,55.42290488,13.47,97.63069616,75449,707,380,3540,0.858077375,49741,56042,4994,9490,9907,11887,11,6,16,0,31,31,0.004995,c__Gammaproteobacteria (UID4267),119,284,544,UID4303
DDRN00000000,UBA2415,SRX646154,Near complete,96.16,0.74,75,Saprospiraceae bacterium UBA2415 [family],,,,,4336504,39.18591088,27.91,98.98911445,28499,352,179,3353,0.827181296,81030,131863,12238,24226,25263,38000,11,5,19,0,32,34,0.02082,p__Bacteroidetes (UID2591),364,202,302,UID2601
DDQR00000000,UBA2437,SRX144196,Near complete,91.76,2.93,17.39,Vibrio sp. UBA2437 [genus],,,,,4597173,41.89930075,14,96.54504438,23395,690,445,4456,0.848057491,53090,100020,6628,10330,10423,14032,11,30,10,0,31,31,0.004984,f__Vibrionaceae (UID4865),80,367,922,UID4877
DDQN00000000,UBA2441,SRX144198,Near complete,98.51,3.02,0,Vibrio sp. UBA2441 [genus],,,,,4905801,41.69166233,31.32,99.9451469,3617,140,104,4423,0.87250237,155470,229205,35015,47171,61040,80387,11,0,14,0,55,55,0.00409,f__Vibrionaceae (UID4865),80,367,922,UID4877
DDOT00000000,UBA2487,SRX532417,Medium,89.02,0,0,Thiobacillus sp. UBA2487 [genus],,,,,1787094,52.62590696,10.25,93.86964283,12907,401,189,1901,0.898735601,25227,33585,4424,9455,8176,11957,11,1,13,0,20,21,0.014984,c__Betaproteobacteria (UID3959),235,211,419,UID3962
DDLX00000000,UBA2561,SRX894068,Near complete,97.62,1.79,0,Cytophagales bacterium UBA2561 [order],,,,,4515746,34.32160554,62.77,99.99714325,121,47,46,3670,0.862102076,791221,791221,96077,98168,226206,226206,11,2,19,0,41,41,0.014687,o__Cytophagales (UID2936),47,336,454,UID2955
DDLS00000000,UBA2566,SRX894068,Near complete,98,0.44,50,Cyanobacteria bacterium UBA2566 [phylum],1484,99.595,Bacteria;Cyanobacteria;Cyanobacteria;SubsectionIII;FamilyI;Oscillatoria;uncultured bacterium,HM768339.1.1905,5339925,44.92561551,97.32,99.98008495,2253,230,210,4798,0.871795952,162793,162793,23207,25428,34577,39191,11,1,20,0,48,50,0.011758,p__Cyanobacteria (UID2189),82,450,579,UID2196
DDLM00000000,UBA2572,SRX822361,Near complete,99.15,0.28,0,Agrobacterium tumefaciens [species],,,,,5313788,59.32624794,29.34,99.9942963,1448,32,25,5017,0.881095557,673345,673345,166010,212551,400541,422342,11,0,18,0,37,37,0,f__Rhizobiaceae (UID3564),78,354,840,UID3594
DENX00000000,UBA2633,SRX823365,Medium,85.99,0.3,0,Paracoccus sp. UBA2633 [genus],,,,,3652928,63.49958883,6.63,72.13163146,31514,693,274,4221,0.868397351,36272,95054,5225,13331,10586,17777,11,2,15,1,25,27,0.002444,f__Rhodobacteraceae (UID3340),84,330,568,UID3353
DEIU00000000,UBA2766,SRX560108,Near complete,95.73,2.14,0,Acidimicrobiia bacterium UBA2766 [class],1533,90.067,Bacteria;Actinobacteria;KIST-JJY010;uncultured bacterium,JF922598.1.1486,3778022,54.06611995,230.15,100.0304873,15799,297,109,3445,0.821868427,110186,220172,12667,34660,25051,58153,11,6,20,0,39,41,0.032864,k__Bacteria (UID1453),901,117,171,UID1455
DEID00000000,UBA2783,SRX393041,Medium,98.12,8.81,35.48,Candidatus Accumulibacter phosphatis [species],,,,,5351932,63.00759411,106.16,99.98625983,2653,202,174,4769,0.88986239,187542,187542,26481,30758,77338,77340,11,45,17,0,43,43,0,c__Betaproteobacteria (UID3971),223,210,421,UID3975
DEHU00000000,UBA2792,SRX393041,Medium,80.55,2.9,16.67,Competibacteraceae bacterium UBA2792 [family],,,,,3616533,59.89944553,16.45,99.05022656,5356,390,319,3576,0.886364372,56953,61602,9259,11337,15164,15800,11,17,11,0,23,23,0.003628,c__Gammaproteobacteria (UID4267),119,284,544,UID4303
DECT00000000,UBA2923,ERX1064486,Medium,80.39,0,0,Elusimicrobia bacterium UBA2923 [phylum],357,98.023,Bacteria;Elusimicrobia;Elusimicrobia;Elusimicrobiales;Elusimicrobiaceae;Elusimicrobium;uncultured rumen bacterium 4C0d-3,AB034017.1.1505,1281199,47.0949787,25.69,99.72233671,26802,218,72,1200,0.846417301,67608,74517,5754,17794,11449,28178,11,3,19,0,41,42,0.015102,k__Bacteria (UID2495),2993,89,143,UID2496
DEBL00000000,UBA2957,ERX555933,Medium,80.94,1.64,75,Deltaproteobacteria bacterium UBA2957 [class],,,,,4201276,59.21909324,4.25,33.93624545,65571,607,409,3966,0.917235859,43650,55931,6813,10272,10801,14423,11,2,14,0,26,26,0.041431,c__Deltaproteobacteria (UID3216),83,155,247,UID3278
DEAH00000000,UBA2987,ERX555935,Medium,88.43,0.81,0,Opitutae bacterium UBA2987 [class],,,,,2509435,46.64047031,28.08,99.99620902,3489,21,10,2143,0.861263591,364601,794903,119330,250943,207975,564198,11,1,15,0,34,35,0.02114,k__Bacteria (UID2982),88,148,230,UID3049
DFBW00000000,UBA3070,SRX559946,Medium,76.32,0.6,0,Roseovarius sp. UBA3070 [genus],,,,,2629515,56.98146453,195.85,100.0210438,30175,662,327,2919,0.864292465,25373,47719,3926,8041,6618,10371,11,22,15,0,21,21,0.005974,f__Rhodobacteraceae (UID3361),46,332,654,UID3370
DEZC00000000,UBA3142,SRX823353,Near complete,97.67,0.21,0,Neorhizobium sp. UBA3142 [genus],,,,,6305356,58.87281962,31.94,99.99608183,1396,43,33,6033,0.881003864,942981,942983,146603,191071,273291,273297,11,2,18,1,43,45,0.002901,o__Rhizobiales (UID3449),345,257,430,UID3638
DEXX00000000,UBA3173,ERX556318,Near complete,99.03,0.94,0,Halomonas sp. UBA3173 [genus],,,,,4947627,54.4860828,46.59,99.99645896,5576,83,49,4621,0.892941808,364010,450984,59542,100971,151090,160168,11,5,19,0,50,50,0.000206,c__Gammaproteobacteria (UID4444),263,232,506,UID4459
DESS00000000,UBA3308,SRX268149,Near complete,97.55,3.33,0,Richelia sp. UBA3308 [genus],,,,,8039072,37.18123638,26.31,99.92956432,31767,831,410,6461,0.753724186,103544,136867,9635,19607,16756,31010,11,26,19,0,38,39,0.002318,p__Cyanobacteria (UID2189),82,450,579,UID2229
DFQU00000000,UBA3481,SRX504486,Near complete,92.74,0.22,0,Richelia intracellularis [species],,,,,3214351,33.53316869,13.87,99.05912799,205,103,101,2147,0.569197639,138898,154413,31205,31825,57021,57021,11,8,17,0,34,34,0,p__Cyanobacteria (UID2189),82,450,579,UID2229
DFPW00000000,UBA3505,ERX556025,Medium,76.47,5.05,33.33,Myxococcales bacterium UBA3505 [order],,,,,3533762,54.10747486,11.95,95.71115204,94167,699,385,3176,0.872282004,33422,46125,4920,9178,7762,11366,11,0,15,0,31,32,0.040053,c__Deltaproteobacteria (UID3216),83,155,247,UID3291
DFOF00000000,UBA3548,SRX823128,Medium,88.65,1.45,16.67,Ruminiclostridium sp. UBA3548 [genus],,,,,5592535,41.35662111,7.3,76.16807412,32250,654,241,5506,0.851291945,56501,155046,8501,23205,17287,35859,11,13,16,0,36,36,0,o__Clostridiales (UID1212),172,149,263,UID1216
DFNX00000000,UBA3556,SRX823122,Near complete,98.66,0,0,Neorhizobium sp. UBA3556 [genus],,,,,5254249,58.98588383,166.12,99.999429,275,19,17,4953,0.885668532,1591248,1591248,276524,309073,484835,504605,11,1,18,1,42,43,0.002808,o__Rhizobiales (UID3449),345,257,430,UID3638
DFNW00000000,UBA3557,SRX823122,Medium,81.03,3.45,0,Paenibacillus polymyxa [species],,,,,5313492,45.48465019,86.65,99.99964238,526,24,20,4691,0.86949938,705590,877816,221373,265674,437778,531914,11,1,19,0,62,63,0,k__Bacteria (UID203),5449,58,104,UID1002
DFNB00000000,UBA3578,SRX218560,Near complete,98.32,1.34,0,Clostridiales bacterium UBA3578 [order],,,,,3844490,38.37291066,572.19,99.994575,10392,188,92,3303,0.853973349,98958,226840,20394,41787,42341,101462,11,9,19,0,52,53,0,o__Clostridiales (UID1212),172,149,263,UID1224
DFMS00000000,UBA3587,ERX556329,Medium,81.61,1.65,0,Oceanibulbus sp. UBA3587 [genus],,,,,3161720,61.71504459,13.57,98.62630763,97788,837,350,3403,0.842066344,31822,66215,3660,9033,7364,11089,11,8,13,0,26,27,0.000721,f__Rhodobacteraceae (UID3360),56,313,582,UID3402
DFFT00000000,UBA3769,SRX290716,Medium,81.94,1.17,0,Succinivibrionaceae bacterium UBA3769 [family],,,,,3386920,51.7302499,16.73,99.21632884,4634,238,186,2783,0.822552644,94496,96985,14211,18209,23159,32341,11,7,17,0,46,47,0.002573,c__Gammaproteobacteria (UID4201),1164,171,270,UID4758
DFDR00000000,UBA3823,SRX290719,Medium,82.63,1.18,50,Desulfovibrionaceae bacterium UBA3823 [family],,,,,2676110,65.34447236,15.34,98.96931369,21180,526,260,2357,0.799029188,74937,108897,5047,10292,9109,15149,11,17,13,0,34,34,0.016033,c__Deltaproteobacteria (UID3218),61,169,284,UID3256
DGFE00000000,UBA3908,ERX1109759,Near complete,91.35,2.52,0,Competibacteraceae bacterium UBA3908 [family],,,,,3739138,63.60761206,18.72,99.66317645,41950,455,282,3555,0.880683462,78262,98217,8125,13259,14399,19033,11,27,18,0,44,44,0.002811,c__Gammaproteobacteria (UID4267),119,284,544,UID4303
DGDH00000000,UBA3957,SRX268150,Near complete,98.48,3.78,0,Richelia sp. UBA3957 [genus],,,,,8112660,37.20186847,25,99.91226153,38665,944,423,6513,0.755137772,60400,91648,8552,19178,14999,29989,11,19,18,0,35,36,0.002356,p__Cyanobacteria (UID2189),82,450,579,UID2229
DGDG00000000,UBA3958,SRX268151,Near complete,97.48,3.33,0,Richelia sp. UBA3958 [genus],,,,,8092695,37.22215322,23.65,99.92044486,41675,974,429,6504,0.752411156,68497,146926,8265,18864,15020,28790,11,30,18,0,35,37,0.002356,p__Cyanobacteria (UID2189),82,450,579,UID2229
DGCP00000000,UBA3975,ERX552316,Near complete,99.68,1.02,0,Maritimibacter sp. UBA3975 [genus],344,98.525,Bacteria;Proteobacteria;Alphaproteobacteria;Rhodobacterales;Rhodobacteraceae;Maritimibacter;Maritimibacter alkaliphilus HTCC2654,AAMT01000002.28822.30269,4104456,64.69465044,41.28,99.97746444,4270,50,19,4057,0.911547352,566097,1086459,82003,216024,268181,572282,11,0,18,0,39,41,0.002815,f__Rhodobacteraceae (UID3356),67,330,616,UID3359
DGBW00000000,UBA3994,ERX552315,Near complete,91.46,0.63,16.67,Alphaproteobacteria bacterium UBA3994 [class],,,,,3474540,56.62647262,14.85,99.12473171,48162,475,57,3463,0.862584975,140489,282697,7213,60956,23618,140879,11,3,17,0,34,34,0.006898,c__Alphaproteobacteria (UID3305),564,230,349,UID3305
DFZE00000000,UBA4064,SRX211001,Near complete,97.42,0.32,0,Desulfobacteraceae bacterium UBA4064 [family],,,,,4789436,50.17143462,45.25,99.97107878,10938,457,301,4706,0.867841224,69049,83119,10456,15911,16572,24706,11,38,18,1,37,38,0.009539,c__Deltaproteobacteria (UID3216),83,155,247,UID3230
DFYW00000000,UBA4072,SRX211001,Near complete,91.05,4.52,50,Desulfobacteraceae bacterium UBA4072 [family],,,,,2832060,53.89907357,28.56,99.76806487,3683,303,261,2744,0.870133754,59772,59772,9334,10850,14092,14880,11,39,17,0,35,35,0.013787,c__Deltaproteobacteria (UID3216),83,155,247,UID3222
DFXI00000000,UBA4112,SRX822350,Near complete,90.1,3.36,0,Lachnoclostridium sp. UBA4112 [genus],,,,,4847473,38.78036934,7.63,79.32576392,23406,508,199,4647,0.816224041,93848,152047,9496,24359,20958,40069,11,2,15,0,29,31,0.000432,o__Clostridiales (UID1212),172,149,263,UID1248
DFWE00000000,UBA4142,SRX691249,Medium,85.12,3.04,0,Anaerolineales bacterium UBA4142 [order],530,93.483,Bacteria;Chloroflexi;uncultured;uncultured bacterium,AB722258.1.1321,3840617,60.09827524,11.07,96.15197741,6284,509,394,3844,0.903320222,42295,42297,7533,9747,11140,12379,11,2,17,1,35,38,0.028234,k__Bacteria (UID1452),924,109,160,UID2309
DGRM00000000,UBA4388,SRX822755,Near complete,96.76,0,0,Neorhizobium sp. UBA4388 [genus],,,,,5086590,58.80992843,46.74,99.99992134,1316,69,61,5019,0.877672075,680751,1056781,73699,83386,233927,233927,11,1,17,1,38,39,0.002917,o__Rhizobiales (UID3449),345,257,430,UID3638
DGPZ00000000,UBA4427,SRX802073,Near complete,92.04,1.94,0,Deltaproteobacteria bacterium UBA4427 [class],,,,,4857186,59.18559386,14.1,98.4586999,8033,327,208,4367,0.875933926,104542,140754,14829,23351,30390,49991,11,9,19,1,40,41,0.040931,c__Deltaproteobacteria (UID3216),83,155,247,UID3278
DGOR00000000,UBA4461,SRX802075,Near complete,95.73,3.85,20,Acidimicrobiia bacterium UBA4461 [class],,,,,3825860,54.13175814,12.4,97.50453224,3250,236,188,3519,0.831305902,93449,124460,16197,20350,28131,31247,11,1,20,0,44,45,0.032864,k__Bacteria (UID1453),901,117,171,UID1455
DGNN00000000,UBA4491,SRX621521,Near complete,98.35,1.88,0,Leisingera sp. UBA4491 [genus],,,,,4134743,64.72566781,52.97,99.98043223,394,39,33,3930,0.888617987,482943,482943,106008,125295,203027,209738,11,1,16,0,41,42,0.0001,f__Rhodobacteraceae (UID3375),32,283,625,UID3387
DGNL00000000,UBA4493,SRX621521,Near complete,93.09,0.47,0,Labrenzia sp. UBA4493 [genus],,,,,6063245,58.9937181,24.51,99.9503392,113,20,18,5524,0.885520542,776003,854654,303156,336846,522643,522645,11,0,18,0,41,41,0,o__Rhizobiales (UID3642),107,316,484,UID3651
DGMY00000000,UBA4506,ERX552322,Near complete,98.42,0,0,Opitutae bacterium UBA4506 [class],1537,97.363,Bacteria;Verrucomicrobia;Opitutae;Puniceicoccales;Puniceicoccaceae;Puniceicoccus;Puniceicoccus vermicola,DQ539046.1.1480,4029428,54.31291546,45.38,99.99761206,9224,147,95,3461,0.899676828,173599,208675,27348,42415,58553,75781,11,0,19,0,40,41,0.021708,k__Bacteria (UID2982),88,148,230,UID3049
DGMA00000000,UBA4530,SRX822689,Near complete,98.75,1.6,0,Achromobacter sp. UBA4530 [genus],,,,,6168132,65.65405325,19.21,99.94488395,4773,82,51,5603,0.904298903,486789,578453,75162,120943,151163,194512,11,0,19,0,51,51,0.000187,o__Burkholderiales (UID4000),193,214,427,UID4164
DHLZ00000000,UBA4655,ERX682739,Near complete,90.08,0,0,Planctomycetaceae bacterium UBA4655 [family],1521,98.756,Bacteria;Planctomycetes;Planctomycetacia;Planctomycetales;Planctomycetaceae;uncultured;uncultured bacterium,JN941791.1.1447,3859512,68.04482412,131.52,99.84948421,60575,627,321,3366,0.852389888,47763,66204,6058,12023,10296,18447,11,72,17,0,39,39,0.023291,k__Bacteria (UID2565),2921,87,142,UID2986
DHLK00000000,UBA4670,SRX710568,Medium,87.02,3.42,20,Actinobacteria bacterium UBA4670 [phylum],,,,,2949010,69.24501681,16.13,99.81135028,34614,426,272,3115,0.879636895,46733,60397,6841,10841,13329,16055,11,15,15,1,35,37,0.0286,k__Bacteria (UID1453),901,117,171,UID1455
DHJA00000000,UBA4732,SRX710583,Near complete,91.16,3.49,25,Planctomycetaceae bacterium UBA4732 [family],,,,,6801137,62.44920108,28.48,99.90201114,74862,914,299,6108,0.860644183,66402,149817,7359,22746,13564,35818,11,2,20,1,46,47,0.015795,k__Bacteria (UID2565),2921,86,141,UID2985
DHIP00000000,UBA4743,SRX822033,Medium,82.47,0.32,0,Brevundimonas naejangsanensis [species],,,,,2831976,67.04729645,160.68,99.99978812,178,8,7,2693,0.905780628,978482,978482,353974,404568,721864,721864,11,1,19,0,42,44,0.000343,c__Alphaproteobacteria (UID3422),26,308,529,UID3443
DHHP00000000,UBA4769,SRX559915,Near complete,95.48,1.94,0,Desulfobacteraceae bacterium UBA4769 [family],345,96.46,Bacteria;Proteobacteria;Deltaproteobacteria;Desulfobacterales;Desulfobacteraceae;uncultured;uncultured bacterium,JN685472.1.1556,3828219,62.43288792,437.47,100.0004965,1598,119,94,3462,0.875442601,120407,124972,32156,40725,50089,56827,11,49,18,0,43,44,0.018038,c__Deltaproteobacteria (UID3216),83,155,247,UID3222
DHGT00000000,UBA4791,SRX559915,Medium,74.09,3.55,0,Desulfatitalea sp. UBA4791 [genus],,,,,4021949,58.24304972,44.07,99.90534311,3224,216,167,3708,0.889220624,125324,125326,18605,24083,37492,46955,11,36,11,0,18,18,0.001548,c__Deltaproteobacteria (UID3216),83,155,247,UID3222
DHFK00000000,UBA4826,SRX699540,Medium,89.91,2.96,0,Anaerolineales bacterium UBA4826 [order],1378,93.929,Bacteria;Chloroflexi;uncultured;uncultured bacterium,AB722258.1.1321,4400079,59.9148474,20.15,99.72665746,3032,293,244,4253,0.906792128,88196,88216,15006,18033,25833,28036,11,14,18,1,41,44,0.028219,k__Bacteria (UID1452),924,109,160,UID2309
DHBW00000000,UBA4918,SRX691276,Near complete,93.64,0.91,0,Anaerolineaceae bacterium UBA4918 [family],,,,,1979604,46.91519021,24.54,99.96147054,22660,176,83,1757,0.879286463,91323,149394,11119,23850,26103,40198,11,1,17,0,39,39,0.014372,k__Bacteria (UID1452),924,110,163,UID2310
DHBJ00000000,UBA4931,SRX691275,Medium,74.7,1.82,0,Anaerolineaceae bacterium UBA4931 [family],,,,,1750972,47.37514833,39.11,99.97334241,14131,192,125,1575,0.880969541,80293,89178,9046,14007,14951,19017,11,2,14,0,27,27,0.014372,k__Bacteria (UID1452),924,110,163,UID2310
DGXY00000000,UBA5020,SRX1203503,Near complete,92.82,1.36,0,Akkermansiaceae bacterium UBA5020 [family],,,,,5373579,62.0967327,49.26,99.57729504,67514,477,144,4472,0.889075791,123648,235638,11123,37316,28157,60182,11,8,15,0,36,38,0.024853,k__Bacteria (UID2982),88,147,229,UID3057
DIBM00000000,UBA5052,ERX556346,Medium,83.99,1.05,0,Ponticoccus sp. UBA5052 [genus],,,,,4832778,61.26497386,29.51,99.97138087,21311,189,80,4728,0.885264748,307812,497737,25457,60409,85893,173710,11,13,17,0,37,37,0.003097,f__Rhodobacteraceae (UID3361),46,332,654,UID3365
DIAY00000000,UBA5066,ERX656379,Medium,87.08,4.27,33.33,Holophagales bacterium UBA5066 [order],,,,,4277280,68.99252743,39.15,99.86440146,45671,553,306,3869,0.901286565,85423,116336,7652,13978,14787,21939,11,15,17,1,37,39,0.031289,k__Bacteria (UID3187),2258,117,188,UID3199
DIAV00000000,UBA5069,ERX656378,Medium,84.92,2.73,40,Anaerolineales bacterium UBA5069 [order],,,,,4139909,62.11876219,16.21,99.73254626,53221,887,420,3643,0.84324583,33177,63493,4607,9856,7350,14232,11,8,19,1,38,40,0.012737,k__Bacteria (UID1452),924,110,163,UID2310
DIAM00000000,UBA5078,ERX552334,Near complete,97.03,3.62,0,Gammaproteobacteria bacterium UBA5078 [class],,,,,3667015,55.64069946,23.21,99.94546564,6937,77,24,3225,0.89668027,284664,690273,47533,152792,97904,262387,11,0,19,0,35,36,0.009152,c__Gammaproteobacteria (UID4443),356,270,451,UID4641
DIAE00000000,UBA5086,ERX552335,Near complete,91.5,1.74,16.67,Alphaproteobacteria bacterium UBA5086 [class],769,99.074,Bacteria;Proteobacteria;Alphaproteobacteria;Sneathiellales;Sneathiellaceae;Sneathiella;uncultured bacterium,JN683953.1.1454,3523563,56.59132961,14.22,98.88536317,53823,474,62,3521,0.861729732,94564,291691,7320,56831,22353,95565,11,1,15,0,33,34,0.006898,c__Alphaproteobacteria (UID3305),564,230,349,UID3305
DHXK00000000,UBA5158,SRX710571,Medium,89.78,4.84,15.38,Legionellales bacterium UBA5158 [order],1086,76.136,Bacteria;Proteobacteria;Alphaproteobacteria;Rickettsiales;Mitochondria;uncultured bacterium,FJ849304.1.1523,3531489,36.87386049,10.88,95.15807255,62354,776,305,3441,0.796894738,32387,97598,4470,11578,7604,16982,11,13,15,0,29,31,0.020454,c__Gammaproteobacteria (UID4266),1097,172,270,UID4389
DHVR00000000,UBA5203,SRX559902,Medium,94.85,7.27,0,Leptolinea sp. UBA5203 [genus],,,,,4449547,46.46583234,37.01,99.97579145,706,94,84,3896,0.882584227,403462,403464,47328,52970,90671,114600,11,9,19,1,42,44,0.016011,k__Bacteria (UID1452),924,110,163,UID2310
DHVJ00000000,UBA5211,SRX559902,Medium,79.39,4.55,0,Anaerolineaceae bacterium UBA5211 [family],,,,,2702868,50.06751559,12.49,98.72136693,529,71,65,2497,0.908738792,253254,253258,38061,41582,67130,67130,11,1,17,0,36,36,0.019077,k__Bacteria (UID1452),924,110,163,UID2310
DHUF00000000,UBA5241,SRX691265,Medium,76.36,0,0,Anaerolineaceae bacterium UBA5241 [family],1508,99.728,Bacteria;Chloroflexi;Anaerolineae;Anaerolineales;Anaerolineaceae;uncultured;uncultured bacterium,JX575833.1.1479,1746878,47.19575268,737.22,100.0001722,4414,36,19,1525,0.901677163,307759,307759,48401,91940,103310,111845,11,2,17,0,33,33,0.01407,k__Bacteria (UID1452),924,110,163,UID2310
DHSB00000000,UBA5297,SRX691267,Medium,84.28,0.67,0,Myxococcales bacterium UBA5297 [order],,,,,7656344,69.52008713,15.38,99.41644236,99764,867,256,6041,0.804831784,74170,147615,8715,29907,19052,51186,11,5,19,1,43,47,0.016319,c__Deltaproteobacteria (UID3216),83,155,247,UID3292
DHPV00000000,UBA5355,SRX691283,Medium,72.42,0.91,0,Anaerolineaceae bacterium UBA5355 [family],503,98.394,Bacteria;Chloroflexi;Anaerolineae;Anaerolineales;Anaerolineaceae;uncultured;uncultured bacterium,JX576053.1.1370,1695230,47.36903506,46.51,99.99822344,6572,63,27,1479,0.889838547,135861,208955,26804,62786,55529,84376,11,1,17,0,30,30,0.014421,k__Bacteria (UID1452),924,110,163,UID2310
DHPL00000000,UBA5365,SRX691283,Medium,84.25,1.82,0,Anaerolineaceae bacterium UBA5365 [family],,,,,2346061,56.68812493,13.9,99.76897269,57587,421,69,2193,0.843885133,39075,145380,5435,34000,11448,52478,11,1,13,0,18,19,0.012415,k__Bacteria (UID1452),924,110,163,UID2310
DHNY00000000,UBA5404,SRX691280,Near complete,97.27,1.82,0,Anaerolineaceae bacterium UBA5404 [family],2018,100,Bacteria;Chloroflexi;Anaerolineae;Anaerolineales;Anaerolineaceae;uncultured;uncultured Chloroflexi bacterium,AB699885.1.1490,2110190,46.71786532,48.57,99.99895474,5447,42,17,1827,0.899495306,268618,275320,50112,124128,122716,162965,11,0,20,0,45,45,0.014267,k__Bacteria (UID1452),924,110,163,UID2310
DIRI00000000,UBA5440,SRX691281,Near complete,96.36,1.82,0,Anaerolineaceae bacterium UBA5440 [family],,,,,2110077,46.63470403,26.83,100.0009504,5745,56,28,1814,0.901785101,229043,364997,37577,75359,87798,109143,11,0,19,0,43,44,0.014191,k__Bacteria (UID1452),924,110,163,UID2310
DINA00000000,UBA5552,SRX392471,Medium,85,2.78,0,Candidatus UBP9 bacterium UBA5552 [phylum],,,,,4517573,67.87550588,8.13,82.25145016,22710,891,346,4307,0.884565451,31885,62012,5044,13056,8653,18296,11,4,19,1,38,39,0.041285,k__Bacteria (UID1452),924,108,161,UID2307
DIMF00000000,UBA5573,ERX386639,Medium,83.49,3.36,25,Deltaproteobacteria bacterium UBA5573 [class],,,,,3869053,57.23669036,12.87,95.70852578,27739,494,410,3672,0.939153069,58140,72146,7775,9436,11623,12966,11,0,17,0,34,34,0.043707,k__Bacteria (UID3187),2258,119,190,UID3298
DIMC00000000,UBA5576,ERX386637,Medium,87.8,3.36,25,Deltaproteobacteria bacterium UBA5576 [class],302,100,Bacteria;Proteobacteria;Deltaproteobacteria;Bdellovibrionales;Bdellovibrionaceae;OM27 clade;uncultured bacterium,JQ678350.1.1474,3741140,57.22520392,13.1,95.56614752,20290,511,452,3588,0.943579764,60623,60623,7281,8276,9773,10385,11,0,18,0,36,37,0.043744,k__Bacteria (UID3187),2258,119,190,UID3298
DIKZ00000000,UBA5605,SRX211342,Near complete,91.61,0.32,0,Desulfobacteraceae bacterium UBA5605 [family],974,98.279,Bacteria;Proteobacteria;Deltaproteobacteria;Desulfobacterales;Desulfobacteraceae;Desulfatirhabdium;uncultured Desulfobacteraceae bacterium,EU266914.1.1527,4675905,50.41949743,106.93,99.97108691,17116,480,270,4579,0.864965606,75926,93226,9705,17318,17125,26556,11,32,17,1,34,35,0.009539,c__Deltaproteobacteria (UID3216),83,155,247,UID3230
DIKS00000000,UBA5612,SRX211342,Medium,81.76,4.07,11.11,Syntrophaceae bacterium UBA5612 [family],612,99.644,Bacteria;Proteobacteria;Deltaproteobacteria;Syntrophobacterales;Syntrophaceae;uncultured;uncultured Smithella sp.,JQ086803.1.1484,3230215,59.65482068,43.59,99.89974006,17566,449,253,3237,0.844010074,45872,69873,7155,12767,13310,18325,11,18,14,1,26,28,0.016377,c__Deltaproteobacteria (UID3216),83,155,247,UID3217
DIKO00000000,UBA5616,SRX211342,Near complete,93.55,2.96,0,Desulfobacteraceae bacterium UBA5616 [family],,,,,3672375,51.60604683,34.34,99.92199384,2152,156,122,3429,0.904033221,139299,139299,23527,30101,38759,47957,11,6,15,1,29,31,0.015789,c__Deltaproteobacteria (UID3216),83,155,247,UID3222
DIIB00000000,UBA5681,ERX556078,Near complete,95.16,0.65,0,Desulfobacteraceae bacterium UBA5681 [family],530,98.289,Bacteria;Proteobacteria;Deltaproteobacteria;Desulfobacterales;Desulfobacteraceae;SEEP-SRB1;uncultured bacterium,AB858610.1.1408,2876488,45.84424422,97.02,99.99589264,3593,82,71,2824,0.859625349,150764,150764,35035,40513,57759,66880,11,7,18,1,42,44,0.015691,c__Deltaproteobacteria (UID3216),83,155,247,UID3222
DIHE00000000,UBA5704,SRX806419,Near complete,91.31,2.56,0,Holophagales bacterium UBA5704 [order],,,,,8036509,69.38131274,50.26,99.95328669,66618,480,207,6253,0.91221997,164111,268147,16603,38823,37090,63933,11,14,18,1,40,42,0.029687,k__Bacteria (UID3187),2258,117,188,UID3199
DIHD00000000,UBA5705,SRX467340,Near complete,99.69,0.12,0,Bacillus amyloliquefaciens [species],,,,,3810180,46.5156691,183.68,99.98710178,3452,28,12,3670,0.888666677,719308,1211983,135954,317515,292175,1001695,11,0,20,0,67,67,0,g__Bacillus (UID865),36,269,1200,UID889
DIFO00000000,UBA5746,SRX210886,Near complete,94.84,2.37,10,Desulfobacteraceae bacterium UBA5746 [family],813,98.642,Bacteria;Proteobacteria;Deltaproteobacteria;Desulfobacterales;Desulfobacteraceae;Desulfatirhabdium;uncultured Desulfobacteraceae bacterium,EU266914.1.1527,4906122,50.20258324,96.51,99.95180191,13812,471,289,4787,0.862664035,75934,92236,10387,16976,17653,25370,11,39,17,1,36,37,0.009502,c__Deltaproteobacteria (UID3216),83,155,247,UID3230
DIEJ00000000,UBA5777,SRX823278,Near complete,93.36,1.68,0,Achromobacter sp. UBA5777 [genus],,,,,5948297,65.37626966,25.74,98.69496752,10667,427,325,5659,0.898350066,153940,153947,13905,18302,26154,29720,11,5,18,1,45,46,0.000187,o__Burkholderiales (UID4000),193,214,427,UID4164
DIED00000000,UBA5783,SRX823275,Near complete,100,0,0,Brevibacillus laterosporus [species],,,,,5230470,40.18188314,92.43,99.99938793,2278,69,51,4793,0.84562133,442157,442157,75770,102558,129476,183213,11,1,19,0,94,95,0,f__Paenibacillaceae (UID971),46,186,481,UID1015
DIDW00000000,UBA5790,SRX823277,Near complete,91.64,0.55,50,Pseudomonas stutzeri [species],,,,,4234736,64.35051152,244.6,99.97503051,45624,611,89,4143,0.857989495,60827,309870,6856,47581,13749,72780,11,6,15,0,40,42,0,c__Gammaproteobacteria (UID4445),228,244,583,UID4500
DJHD00000000,UBA5828,SRX392460,Medium,84.48,3.23,0,Syntrophaceae bacterium UBA5828 [family],,,,,3342016,57.88349894,8.83,87.18203632,12587,553,267,3406,0.882240839,63406,63426,6020,12516,10120,16436,11,0,17,0,30,33,0.010748,c__Deltaproteobacteria (UID3216),83,155,247,UID3217
DJGG00000000,UBA5852,SRX392467,Medium,91.54,6.16,0,Desulfobacteraceae bacterium UBA5852 [family],,,,,4794561,66.55511819,11.04,94.29241431,18461,652,300,4397,0.855034903,118679,238717,7325,15981,13740,24715,11,18,15,2,35,40,0.016842,c__Deltaproteobacteria (UID3216),83,155,247,UID3222
DJFR00000000,UBA5867,SRX310152,Near complete,93.08,0.99,25,Flammeovirgaceae bacterium UBA5867 [family],,,,,6805257,43.46649439,20.12,99.58191873,20691,623,280,6094,0.882819561,82023,96547,10890,24304,19617,37972,11,53,12,0,22,23,0.006157,o__Cytophagales (UID2936),47,336,454,UID2955
DJFO00000000,UBA5870,SRX310152,Partial,66.57,1.46,25,Marinagarivorans sp. UBA5870 [genus],,,,,3805140,56.96253532,9.58,89.19334922,20082,782,445,4045,0.859625664,36667,37402,4840,8550,8676,11465,11,5,8,0,14,14,0.010341,c__Gammaproteobacteria (UID4444),263,232,507,UID4655
DJFH00000000,UBA5877,SRX823056,Medium,87.55,0.4,0,Agrobacterium tumefaciens [species],,,,,4740109,59.00796181,11.73,97.64582372,8900,200,98,4657,0.875173968,255957,361796,23656,48368,50541,67827,11,38,17,0,37,37,0,f__Rhizobiaceae (UID3564),78,354,840,UID3594
DJFE00000000,UBA5880,SRX834619,Near complete,94.01,0,0,Elusimicrobia bacterium UBA5880 [phylum],1509,96.751,Bacteria;Elusimicrobia;Elusimicrobia;Elusimicrobiales;Elusimicrobiaceae;Elusimicrobium;uncultured rumen bacterium 4C0d-3,AB034017.1.1505,1547169,49.01334238,85.19,99.98698273,3067,68,37,1432,0.897581324,127441,246408,22707,41815,57292,93475,11,0,20,0,42,42,0.01616,k__Bacteria (UID2495),2993,89,143,UID2496
DJDU00000000,UBA5916,SRX111044,Near complete,93.29,4.22,6.25,Neorhizobium sp. UBA5916 [genus],,,,,6933089,60.5068751,72.66,99.72551816,79448,972,453,6851,0.856929429,88873,101307,7051,15304,17129,22795,11,11,18,0,40,42,0.00289,o__Rhizobiales (UID3449),345,257,430,UID3638
DJAM00000000,UBA6002,ERX200729,Medium,89.44,3.63,0,Coxiellaceae bacterium UBA6002 [family],,,,,2842615,39.61425176,20.86,99.63431869,10094,258,176,2649,0.888214901,124377,124377,10978,16151,20562,23322,11,4,13,0,25,28,0.016862,c__Gammaproteobacteria (UID4266),1097,172,270,UID4389
DIYX00000000,UBA6043,SRX710628,Medium,72.89,1.35,0,Spartobacteria bacterium UBA6043 [class],,,,,2302473,55.87637897,22.06,99.92575449,85504,735,293,2729,0.831517243,20417,51113,3016,7858,4764,10054,11,6,17,1,31,33,0.016778,k__Bacteria (UID2982),88,148,230,UID3054
DIYT00000000,UBA6047,SRX1017629,Near complete,98.67,0.22,0,Cyanobacteria bacterium UBA6047 [phylum],,,,,5725904,44.74836494,477.2,99.99629548,3172,144,106,5130,0.86818553,202247,202247,39741,54017,78352,96372,11,0,19,0,48,50,0.01176,p__Cyanobacteria (UID2189),82,450,579,UID2196
DIYQ00000000,UBA6050,SRX1017628,Near complete,98.67,0.22,0,Cyanobacteria bacterium UBA6050 [phylum],,,,,5400820,44.95126519,433.45,99.98266556,6934,226,167,4853,0.867765265,159280,159280,23866,32340,41159,53081,11,0,19,0,50,52,0.011758,p__Cyanobacteria (UID2189),82,450,579,UID2196
DIYL00000000,UBA6055,SRX1017628,Near complete,93.33,2.27,0,Anaerolineales bacterium UBA6055 [order],,,,,8509053,43.16191755,41.15,99.98014639,1785,77,62,7508,0.898969838,664636,664636,110484,137242,251580,271179,11,3,19,0,46,49,0.017686,k__Bacteria (UID1452),924,110,163,UID2310
DIYF00000000,UBA6061,SRX1017628,Near complete,97.21,1.54,0,Roseivirga sp. UBA6061 [genus],,,,,8177411,45.9806698,14.91,98.42483095,8637,295,188,6748,0.903171921,189618,224814,27690,43496,62654,75369,11,0,18,0,31,38,0.006242,o__Cytophagales (UID2936),47,336,454,UID2954
DIXA00000000,UBA6092,SRX327521,Medium,84.55,2.91,0,Anaerolineales bacterium UBA6092 [order],1495,92.003,Bacteria;Chloroflexi;Anaerolineae;Anaerolineales;Anaerolineaceae;uncultured;uncultured bacterium,KC683189.1.1507,4145362,60.23234348,143.97,99.99440287,378,86,78,3441,0.926121531,182354,198625,48197,53145,81453,88877,11,20,19,0,37,37,0.015626,k__Bacteria (UID1452),924,110,163,UID2310
DIWH00000000,UBA6111,SRX327521,Medium,86.01,4.63,11.11,Candidatus UBP9 bacterium UBA6111 [phylum],,,,,4705588,67.27696926,29.35,99.81802953,1528,110,88,3993,0.911743655,203568,224259,42764,53472,76757,82137,11,3,20,1,39,41,0.041564,k__Bacteria (UID1452),924,108,161,UID2307
DIVX00000000,UBA6121,SRX327521,Medium,86.93,2.07,0,Desulfovibrio sp. UBA6121 [genus],,,,,3175417,65.00863197,16.51,98.94395459,3489,235,178,3059,0.878350465,72736,80664,13497,17839,25364,27978,11,5,13,0,26,27,0.014541,c__Deltaproteobacteria (UID3218),61,169,284,UID3263
DIVU00000000,UBA6124,SRX327521,Medium,76.42,1.34,0,Desulfuromonadaceae bacterium UBA6124 [family],,,,,3436161,61.40220191,11.79,95.04509416,6227,509,409,3494,0.88946036,54490,54502,6738,8401,8978,10368,11,15,12,0,19,20,0.008605,c__Deltaproteobacteria (UID3216),83,155,247,UID3290
DIVP00000000,UBA6129,SRX327521,Medium,91.96,5.05,22.22,Peptococcaceae bacterium UBA6129 [family],,,,,2828810,44.9784406,9.65,89.1680785,346,163,159,2892,0.903898106,79720,79724,17352,17791,26367,26526,11,2,11,1,16,20,0.011722,c__Clostridia (UID1085),35,196,420,UID1109
DIVG00000000,UBA6138,SRX327520,Near complete,97.62,0.68,0,Akkermansiaceae bacterium UBA6138 [family],,,,,4248597,60.28205239,237.43,100.0033935,5130,161,92,3626,0.913612894,148239,264841,26356,46180,47957,74105,11,7,19,0,35,35,0.024421,k__Bacteria (UID2982),88,147,229,UID3057
DIUY00000000,UBA6146,SRX327520,Near complete,99.56,0.66,20,Methylococcaceae bacterium UBA6146 [family],,,,,3187624,48.49986603,113.42,99.99902742,242,33,30,3009,0.882313912,336131,422506,96587,106254,198684,222530,11,3,19,0,39,39,0.004057,c__Gammaproteobacteria (UID4274),112,289,580,UID4296
DIUT00000000,UBA6151,SRX327520,Medium,79.82,0,0,Geobacter sp. UBA6151 [genus],,,,,3551233,54.59213397,74.36,99.98805548,1489,90,68,3371,0.92419478,208748,239251,39441,52224,84985,89286,11,81,18,1,40,41,0.005452,k__Bacteria (UID203),5449,57,103,UID3289
DIUL00000000,UBA6159,SRX327520,Medium,71.74,0.5,0,Acetobacteraceae bacterium UBA6159 [family],,,,,4628166,66.49155522,48.18,99.96951889,2350,274,235,4297,0.895632525,162950,164785,16882,19694,33693,36370,11,8,15,0,26,27,0.008938,o__Rhodospirillales (UID3754),63,201,336,UID3762
DIUH00000000,UBA6163,SRX327520,Medium,85.1,1.76,100,Planctomycetaceae bacterium UBA6163 [family],840,98.801,Bacteria;Planctomycetes;Planctomycetacia;Planctomycetales;Planctomycetaceae;Rhodopirellula;uncultured bacterium,HM128005.1.1462,5427445,55.12204761,41.45,99.94341058,37745,992,466,4882,0.842882609,40395,92407,5433,11646,10526,16544,11,11,18,0,35,35,0.012132,k__Bacteria (UID2565),2921,85,140,UID2987
DITY00000000,UBA6172,SRX327520,Near complete,94.42,0,0,Planctomycetaceae bacterium UBA6172 [family],868,99.652,Bacteria;Planctomycetes;Planctomycetacia;Planctomycetales;Planctomycetaceae;Rhodopirellula;uncultured eukaryote,JQ327974.1.1507,5234129,62.42684979,27.68,99.87755203,15586,578,351,4132,0.868157434,105150,107375,9028,14912,16995,23020,11,27,18,0,32,32,0.012407,k__Bacteria (UID2565),2921,85,140,UID2987
DITF00000000,UBA6191,SRX327520,Medium,82.74,0.1,0,Candidatus UBP17 bacterium UBA6191 [phylum],,,,,3372680,44.43805824,8.54,82.66401293,827,396,385,3193,0.954194291,48329,48329,8514,8760,12021,12021,11,4,14,0,23,26,0.054792,k__Bacteria (UID2495),2993,89,143,UID2496
DISJ00000000,UBA6213,SRX327522,Near complete,98.32,0.3,0,Rhodobacteraceae bacterium UBA6213 [family],,,,,3528978,61.91665181,114.14,99.9995182,575,28,21,3446,0.911316534,539020,539846,126014,168046,214880,274786,11,2,17,0,35,35,0.008222,f__Rhodobacteraceae (UID3340),84,330,568,UID3348
DISE00000000,UBA6218,SRX327522,Medium,78.53,3.87,0,Castellaniella sp. UBA6218 [genus],,,,,2788703,66.43945897,63.48,99.89474278,3146,190,142,2794,0.918073025,87721,88164,14660,19638,24429,27141,11,5,15,0,30,30,0.002562,c__Betaproteobacteria (UID3959),235,211,419,UID4179
DISD00000000,UBA6219,SRX327522,Near complete,96.83,1.69,7.69,Rhodospirillaceae bacterium UBA6219 [family],,,,,4338977,62.79347061,62.99,99.94473922,1362,123,104,4168,0.924809235,173867,205687,35265,41720,63198,67269,11,0,17,0,39,40,0.002636,o__Rhodospirillales (UID3754),63,201,336,UID3783
DJUW00000000,UBA6272,SRX277355,Near complete,98.73,0.9,0,Novosphingobium sp. UBA6272 [genus],833,100,Bacteria;Proteobacteria;Alphaproteobacteria;Sphingomonadales;Sphingomonadaceae;Novosphingobium;uncultured bacterium,JF429356.1.1452,3289972,63.78723778,84.03,99.98387925,2283,55,35,3210,0.913360965,250517,349492,59776,93999,113211,182129,11,0,18,0,42,42,0.006673,o__Sphingomonadales (UID3310),26,293,569,UID3320
DJTF00000000,UBA6315,SRX823423,Medium,71.05,1.75,100,Pseudomonas sp. UBA6315 [genus],,,,,5436782,64.70850041,42.2,99.98362792,12915,268,213,4975,0.896436532,143339,143964,20238,25524,34323,44599,11,4,16,1,47,48,0.000423,k__Bacteria (UID203),5449,57,103,UID4528
DBOQ00000000,UBA642,ERX222797,Near complete,91.99,4.76,20,Ruminococcaceae bacterium UBA642 [family],,,,,1948254,39.330415,14.7,98.5683846,7649,253,133,1847,0.864070085,65115,69824,7670,14648,14393,21570,11,8,13,0,22,23,0.005085,o__Clostridiales (UID1212),172,149,263,UID1234
DJOA00000000,UBA6450,SRX834620,Near complete,96.63,0,0,Elusimicrobia bacterium UBA6450 [phylum],,,,,1573349,48.99271155,15.85,99.39560146,3193,90,54,1466,0.902581055,80451,108824,17446,29136,29397,50891,11,0,19,0,43,43,0.01616,k__Bacteria (UID2495),2993,89,143,UID2496
DJLT00000000,UBA6509,ERX552290,Near complete,97.76,0.75,0,Neptuniibacter sp. UBA6509 [genus],,,,,4063110,42.9714403,21.96,99.90267869,18775,212,153,3842,0.874197597,129904,228483,19077,26556,33344,43172,11,5,17,0,46,46,0.002301,o__Oceanospirillales (UID4446),43,233,529,UID4482
DJJW00000000,UBA6558,SRX822643,Near complete,93.4,4.36,0,Lachnoclostridium sp. UBA6558 [genus],,,,,5430847,38.73560009,8.95,89.26804545,5032,151,101,4872,0.833205391,160218,279101,35932,53770,68084,107937,11,10,16,0,29,30,0.000432,o__Clostridiales (UID1212),172,149,263,UID1248
DJJR00000000,UBA6563,SRX822645,Partial,67.41,0.63,0,Pelosinus fermentans [species],,,,,4619751,39.9901489,25.34,99.99264746,9098,137,83,4169,0.851232458,184487,248720,33654,55659,48566,95630,11,23,19,0,62,62,0.000419,p__Firmicutes (UID1022),100,158,295,UID1060
DJIV00000000,UBA6585,SRX1077116,Near complete,96.51,0.15,0,Candidatus Accumulibacter phosphatis [species],,,,,4623078,66.31461888,11.57,98.5074718,37905,454,269,4359,0.88248868,91795,116094,10099,17186,20823,26053,11,57,18,0,38,38,0.000075,c__Betaproteobacteria (UID3971),223,210,424,UID3974
DBNW00000000,UBA662,SRX748866,Near complete,95.81,0.35,100,Methylococcaceae bacterium UBA662 [family],,,,,2401901,52.98786959,24.43,99.89767771,14347,132,87,2223,0.895646407,142002,202352,18087,27608,35958,43742,11,0,19,0,32,32,0.00875,c__Gammaproteobacteria (UID4274),112,289,580,UID4296
DJHL00000000,UBA6621,ERX552276,Near complete,93.62,2.45,10,Gammaproteobacteria bacterium UBA6621 [class],,,,,5252399,54.25716365,22.34,99.91184467,26396,134,54,4548,0.907811269,240814,570544,39000,97266,80064,171527,11,2,12,0,18,21,0.009648,c__Gammaproteobacteria (UID4443),356,270,451,UID4679
DKLV00000000,UBA6631,SRX822268,Near complete,97.54,0.14,0,Pseudomonas stutzeri [species],,,,,4345005,64.08901776,29.68,99.9912743,1512,30,22,3993,0.899356848,673055,673055,144783,197500,315891,315891,11,1,17,0,44,45,0,c__Gammaproteobacteria (UID4445),228,244,583,UID4500
DBNS00000000,UBA666,SRX748864,Medium,82.42,0.13,0,Aquabacterium sp. UBA666 [genus],,,,,3569708,66.14102778,22.96,99.93585834,16635,133,84,3226,0.909704659,183668,188331,26714,42496,62601,74912,11,6,18,0,40,40,0.000479,o__Burkholderiales (UID4000),193,214,427,UID4113
DBNQ00000000,UBA668,SRX357497,Medium,72.61,1.28,66.67,Acidimicrobiaceae bacterium UBA668 [family],,,,,3361674,68.51050279,37.08,99.96502105,11087,580,360,3761,0.900169975,37340,40413,5776,9337,8860,11999,11,39,19,1,29,30,0.01058,k__Bacteria (UID1453),901,117,171,UID1455
DKJV00000000,UBA6683,SRX823366,Near complete,96.28,1.27,0,Gordonia sp. UBA6683 [genus],,,,,4823003,65.39730125,20.4,99.79640687,3587,121,84,4409,0.909837502,290695,290703,39829,57416,85796,100696,11,2,18,1,40,42,0.000438,o__Actinomycetales (UID1814),148,276,571,UID1918
DKJA00000000,UBA6704,SRX822108,Near complete,91.68,3.12,0,Oxalobacteraceae bacterium UBA6704 [family],,,,,6107025,65.83917353,12.73,98.82188394,26894,376,225,5404,0.898727285,160858,160858,16170,27142,33345,43000,11,4,19,0,68,68,0.002712,o__Burkholderiales (UID4002),107,251,574,UID4092
DKGF00000000,UBA6777,ERX555990,Medium,96.86,7.17,0,Myxococcales bacterium UBA6777 [order],303,82,Bacteria;Proteobacteria;Deltaproteobacteria;GR-WP33-30;uncultured bacterium,FJ592581.1.1414,10165179,51.30923651,23.14,99.92252344,25338,355,281,7382,0.893720907,182913,193118,28562,36175,49983,58149,11,5,19,1,63,69,0.037944,c__Deltaproteobacteria (UID3216),83,155,247,UID3278
DKFG00000000,UBA6802,SRX545991,Medium,73.59,3.23,20,Geobacter sp. UBA6802 [genus],,,,,3355171,54.82635603,29.97,98.8608569,20647,620,319,3674,0.896247613,56066,71994,5378,10517,11340,15575,11,84,8,0,10,10,0.005572,c__Deltaproteobacteria (UID3216),83,155,246,UID3289
DKBH00000000,UBA6905,ERX633351,Medium,86.26,5.45,0,Nitrospiraceae bacterium UBA6905 [family],,,,,2980303,51.49538528,13.07,98.61865318,168,127,127,3048,0.877333613,106024,106030,23465,23466,39893,39901,11,12,17,1,33,34,0.019196,k__Bacteria (UID3187),2258,110,181,UID3195
DKBB00000000,UBA6911,ERX633356,Medium,86.38,5.13,0,Acidobacteria bacterium UBA6911 [phylum],491,96.244,Bacteria;Acidobacteria;Acidobacteria;Subgroup 17;uncultured bacterium,EF999365.1.1516,4941781,51.60783639,12.32,98.73828085,3281,457,417,4628,0.850155845,120011,120035,10806,11850,16434,17304,11,65,12,1,21,24,0.028641,k__Bacteria (UID3187),2258,117,188,UID3199
DKBA00000000,UBA6912,ERX633356,Medium,84.91,0.85,0,Acidimicrobiia bacterium UBA6912 [class],,,,,3939249,69.1271422,18.11,99.47901371,2869,373,343,4145,0.892077906,61026,61046,10553,11484,15690,15775,11,27,17,1,33,36,0.033127,k__Bacteria (UID1453),901,117,171,UID1455
DKAX00000000,UBA6915,ERX633354,Medium,81.75,4.48,4.55,Proteobacteria bacterium UBA6915 [phylum],,,,,3467912,53.32209072,11.44,97.02883456,1932,289,265,3590,0.898322968,87715,87721,11993,13086,19315,20737,11,2,9,0,14,14,0.014542,c__Gammaproteobacteria (UID4267),119,284,544,UID4268
DJZY00000000,UBA6940,ERX552281,Near complete,93.46,0.37,0,Gammaproteobacteria bacterium UBA6940 [class],,,,,4164729,39.99316621,102.94,99.99872558,5981,126,109,3565,0.875674504,161506,184650,33005,38208,62226,66609,11,2,19,0,50,51,0.029137,c__Gammaproteobacteria (UID4443),356,270,451,UID4679
DBMM00000000,UBA698,DRX011532,Near complete,90.9,0.65,0,Geobacter sp. UBA698 [genus],1141,98.778,Bacteria;Proteobacteria;Deltaproteobacteria;Desulfuromonadales;Geobacteraceae;Geobacter;uncultured bacterium,AB240241.1.1517,4342876,55.97054263,50.08,99.97653626,4267,217,153,4007,0.885575135,140202,152640,19993,28384,45971,49647,11,8,15,1,38,39,0.004392,c__Deltaproteobacteria (UID3216),83,155,246,UID3289
DBMK00000000,UBA700,DRX011532,Medium,71.82,3.82,0,Anaerolineaceae bacterium UBA700 [family],,,,,3852888,59.25232907,36.96,99.40757719,1247,394,368,3266,0.900015261,83767,83767,9775,10469,14817,14935,11,16,17,1,32,33,0.010894,k__Bacteria (UID1452),924,110,163,UID2310
DBLL00000000,UBA725,ERX556126,Near complete,96.67,3.07,7.69,Gammaproteobacteria bacterium UBA725 [class],,,,,5409076,54.25677838,20.19,99.85618283,25157,153,73,4726,0.906580348,223773,442417,35189,74096,75856,150880,11,2,16,0,31,32,0.009648,c__Gammaproteobacteria (UID4443),356,270,451,UID4679
DKQK00000000,UBA7310,ERX552262,Near complete,98.15,2.76,0,Gammaproteobacteria bacterium UBA7310 [class],,,,,5394204,54.26534332,59.28,99.99750653,20170,132,76,4690,0.911764182,472801,472801,40712,70976,98951,138801,11,6,18,0,35,35,0.009648,c__Gammaproteobacteria (UID4443),356,270,451,UID4679
DKPZ00000000,UBA7321,ERX552262,Partial,59.64,1.72,100,Alteromonas australica [species],,,,,3405810,45.00106843,13.04,96.04467515,45732,515,375,3124,0.869591962,74752,82489,6524,9082,10942,12094,11,4,10,0,12,13,0,k__Bacteria (UID203),5449,58,104,UID4779
DBKX00000000,UBA739,SRX834658,Medium,94.41,5.31,20,Lachnoclostridium sp. UBA739 [genus],,,,,4486570,35.98177529,8.16,81.58329333,16596,910,467,4433,0.883194512,86016,86018,4912,9607,8051,12686,11,38,16,0,26,27,0.008409,o__Clostridiales (UID1212),172,149,263,UID1248
DLOO00000000,UBA7482,SRX147847,Medium,86.33,0.4,0,Lachnoclostridium sp. UBA7482 [genus],551,93.248,Bacteria;Firmicutes;Clostridia;Clostridiales;Lachnospiraceae;Lachnoclostridium 10;uncultured bacterium,AM500788.1.1435,2051127,47.88712848,16.04,99.23655519,19153,368,87,1942,0.87131416,89248,121298,5521,23576,11169,37380,11,0,14,0,21,22,0.018364,o__Clostridiales (UID1212),172,149,263,UID1249
DLNW00000000,UBA7500,SRX823220,Near complete,91.77,1.38,0,Pseudomonas sp. UBA7500 [genus],,,,,5488892,64.36887107,42.9,99.93149543,3127,85,57,4987,0.901136514,365748,441134,64538,96296,168709,191586,11,3,18,0,48,48,0,o__Pseudomonadales (UID4488),185,308,813,UID4519
DLNC00000000,UBA7520,SRX1122679,Medium,87.1,0.86,0,Syntrophaceae bacterium UBA7520 [family],807,96.522,Bacteria;Proteobacteria;Deltaproteobacteria;Syntrophobacterales;Syntrophaceae;Smithella;uncultured bacterium,KF564586.1.1526,2344424,47.72514528,174.13,99.98676169,2736,53,40,2259,0.901565587,166427,213914,44182,58610,76722,92948,11,3,18,1,41,42,0.011031,c__Deltaproteobacteria (UID3216),83,155,247,UID3217
DLMJ00000000,UBA7539,SRX461727,Near complete,97.48,0.84,0,Candidatus UBP10 bacterium UBA7539 [phylum],1563,99.281,Bacteria;Proteobacteria;Deltaproteobacteria;GR-WP33-30;uncultured bacterium,FN870226.1.1529,3671360,61.34320484,108.31,100.0001363,1674,65,50,3472,0.889984093,233241,233241,56456,73427,138054,138054,11,0,20,1,47,48,0.037239,k__Bacteria (UID3187),2258,119,190,UID3215
DLMH00000000,UBA7541,SRX461727,Near complete,90.55,1.71,0,Acidobacteria bacterium UBA7541 [phylum],922,90.054,Bacteria;Actinobacteria;Acidimicrobiia;Acidimicrobiales;uncultured;uncultured bacterium,AM162472.1.1485,5507573,57.99825602,67.87,100.0916533,7499,277,208,4886,0.848518576,198938,198938,19855,26478,53897,57428,11,4,19,0,47,47,0.024514,k__Bacteria (UID3187),2258,117,188,UID3199
DLJG00000000,UBA7622,SRX823151,Near complete,99.05,0,0,Alcaligenes faecalis [species],1533,100,Bacteria;Proteobacteria;Betaproteobacteria;Burkholderiales;Alcaligenaceae;Alcaligenes;Alcaligenes faecalis,JQCV01000001.613602.615247,4167848,56.93519082,347.81,99.99839212,861,22,15,3790,0.894930429,1368009,1581900,189408,277856,596573,696193,11,0,19,1,48,49,0,c__Betaproteobacteria (UID3959),235,211,419,UID4180
DLHY00000000,UBA7656,SRX242881,Medium,96.58,5.98,0,Chloracidobacterium sp. UBA7656 [genus],359,98.599,Bacteria;Acidobacteria;Acidobacteria;Subgroup 4;11-24;uncultured bacterium,KF836308.1.1512,8149540,54.55487663,56.43,99.97821338,2338,215,172,6897,0.891861258,238935,278675,37893,47381,64854,68830,11,2,20,0,66,67,0.016169,k__Bacteria (UID3187),2258,117,188,UID3199
DLHW00000000,UBA7658,SRX242881,Near complete,96.89,1.32,0,Methylococcaceae bacterium UBA7658 [family],,,,,3728141,46.81691723,14.37,99.10485446,3607,143,74,3444,0.858810061,131899,207839,26045,50380,54699,75504,11,2,17,0,36,37,0.004707,c__Gammaproteobacteria (UID4274),112,289,580,UID4296
DLHJ00000000,UBA7671,SRX272783,Near complete,99.14,0.83,0,Cellvibrio sp. UBA7671 [genus],,,,,5043891,47.93785538,64.24,99.99902837,816,33,19,4292,0.898598126,815770,815770,152820,265467,453553,544490,11,0,15,0,33,33,0.00076,c__Gammaproteobacteria (UID4444),263,232,507,UID4671
DLHB00000000,UBA7679,SRX272783,Partial,56.23,0.96,75,Pseudomonas sp. UBA7679 [genus],,,,,2784979,66.60854233,30.48,99.88954219,4732,149,80,2576,0.882934485,148151,166952,18659,34812,43374,56438,11,1,11,0,18,19,0.001446,c__Gammaproteobacteria (UID4445),228,244,583,UID4491
DLGZ00000000,UBA7681,SRX272783,Near complete,94.07,4.31,0,Verrucomicrobiaceae bacterium UBA7681 [family],,,,,7006419,59.34415636,29.81,99.96743118,8928,223,86,5751,0.902653267,190564,423950,31378,81469,61420,215241,11,3,19,0,48,53,0.01535,k__Bacteria (UID2982),88,147,229,UID3057
DLGC00000000,UBA7704,DRX012718,Near complete,94.13,0.52,0,Propionibacteriaceae bacterium UBA7704 [family],,,,,2945517,64.8432788,18.18,99.8149489,925,42,25,2637,0.919950216,332889,353424,70109,117820,139865,226313,11,0,20,0,45,46,0.007783,o__Actinomycetales (UID1697),387,193,330,UID1704
DLCO00000000,UBA7796,ERX552257,Near complete,97.86,3.26,8.33,Gammaproteobacteria bacterium UBA7796 [class],,,,,5488151,54.19257021,74.56,100.0012801,19787,115,58,4771,0.909757585,350003,466182,47550,94623,103904,195373,11,6,17,0,31,31,0.009648,c__Gammaproteobacteria (UID4443),356,270,451,UID4679
DLCK00000000,UBA7800,ERX552257,Near complete,95.25,0,0,Phycisphaerales bacterium UBA7800 [order],,,,,6007192,50.00607967,47.24,99.99381192,11799,131,94,4747,0.887361017,226624,252796,45766,63906,86538,108786,11,2,20,0,44,44,0.019505,k__Bacteria (UID2565),2921,88,143,UID2983
DLCF00000000,UBA7805,ERX552257,Near complete,96.48,0,0,Planctomycetaceae bacterium UBA7805 [family],,,,,3329902,51.66152958,30.05,99.97695909,40102,282,169,2826,0.870501594,138324,138324,11665,19703,26480,35781,11,11,19,1,36,38,0.016309,k__Bacteria (UID2565),2921,87,142,UID2986
DLSX00000000,UBA7851,SRX822444,Medium,88.45,0.39,0,Neorhizobium sp. UBA7851 [genus],,,,,4625003,59.85536337,22.84,98.58060033,8192,363,264,4699,0.882874238,139634,145867,12718,17518,23679,31319,11,6,15,1,35,36,0.002761,o__Rhizobiales (UID3449),345,258,431,UID3639
DLRI00000000,UBA7892,ERX555949,Medium,83.44,4.76,14.29,Deltaproteobacteria bacterium UBA7892 [class],,,,,3575084,46.39438142,13.68,98.2000077,69569,577,373,3537,0.860338946,51037,51545,6075,9584,10665,12937,11,11,8,0,9,9,0.003469,k__Bacteria (UID3187),2258,119,190,UID3298
DBIS00000000,UBA796,ERX386640,Medium,82.16,2.1,33.33,Deltaproteobacteria bacterium UBA796 [class],350,100,Bacteria;Proteobacteria;Deltaproteobacteria;Bdellovibrionales;Bdellovibrionaceae;OM27 clade;uncultured bacterium,JQ678350.1.1474,3490823,57.08957078,12.81,95.7525022,28667,496,407,3390,0.936451662,39612,39612,6980,8576,9908,11709,11,0,13,0,28,28,0.043745,k__Bacteria (UID3187),2258,119,190,UID3298
DBHS00000000,UBA822,ERX552242,Medium,81.34,2.2,0,Gemmatimonadales bacterium UBA822 [order],,,,,2492405,62.13827283,20.28,99.84277344,88867,560,309,2428,0.866455091,28646,50470,4292,8066,6682,11025,11,22,16,1,24,25,0.02685,k__Bacteria (UID2495),2993,91,147,UID2567
DBGT00000000,UBA847,ERX552246,Near complete,98.82,2.4,33.33,Neptuniibacter sp. UBA847 [genus],,,,,4209143,42.91584376,22.21,99.92358509,22787,246,178,3974,0.873239042,121984,138779,17017,23646,31015,41114,11,21,16,0,44,44,0.002301,o__Oceanospirillales (UID4446),43,233,529,UID4482
DBGL00000000,UBA855,ERX552249,Near complete,94.71,3.19,0,Gammaproteobacteria bacterium UBA855 [class],,,,,5256089,54.39604281,45.61,99.99693182,41274,250,132,4611,0.906705537,163041,290282,20859,39818,55090,75857,11,6,16,0,31,32,0.009609,c__Gammaproteobacteria (UID4443),356,270,451,UID4679
DBGG00000000,UBA860,ERX552249,Near complete,93.04,0,0,Phycisphaerales bacterium UBA860 [order],757,92.526,Bacteria;Planctomycetes;Phycisphaerae;Phycisphaerales;Phycisphaeraceae;uncultured;uncultured bacterium,JF261520.1.1433,5860790,49.97460656,13.4,97.49121774,75832,612,371,4857,0.862914215,71609,79694,9452,15797,17291,21773,11,4,18,0,38,38,0.019505,k__Bacteria (UID2565),2921,88,143,UID2983
DBFP00000000,UBA877,ERX442546,Partial,55.15,0,0,Anaerolineales bacterium UBA877 [order],,,,,1444908,49.76177879,63.72,99.98337992,872,70,57,1375,0.908349874,139429,139447,20629,25349,46049,46464,11,20,9,0,13,13,0.014643,k__Bacteria (UID1452),924,110,163,UID2310
DBER00000000,UBA901,SRX822542,Near complete,98.6,0.47,0,Achromobacter xylosoxidans [species],,,,,6666226,67.59339707,49.1,99.99917468,2152,32,19,6068,0.899790526,1012370,2226717,208252,350854,333788,828551,11,0,18,1,49,50,0,o__Burkholderiales (UID4000),193,214,427,UID4163
DBDJ00000000,UBA935,SRX255561,Medium,77.94,2.97,12.5,Lachnospiraceae bacterium UBA935 [family],,,,,3426008,46.2882897,49.6,99.98265201,1980,96,74,2953,0.881089887,262134,262136,35666,46297,70492,87645,11,1,18,0,40,40,0.011931,f__Lachnospiraceae (UID1255),90,174,354,UID1286
DBDG00000000,UBA938,SRX255561,Medium,83.4,1.53,0,Lachnospiraceae bacterium UBA938 [family],,,,,2810336,47.04430175,30.67,99.89609019,1169,97,82,2385,0.897842464,130733,130733,28960,34272,45856,54079,11,0,18,0,25,25,0.011942,f__Lachnospiraceae (UID1255),90,174,354,UID1286
DBCU00000000,UBA950,SRX255560,Medium,74.14,0,0,Bacillus subtilis [species],,,,,3800409,43.79670714,99.74,100,0,6,6,3794,0.888090729,1054013,1054013,633401,633401,1027980,1027980,11,3,20,0,64,64,0,k__Bacteria (UID203),5449,58,104,UID884
DBCD00000000,UBA967,SRX474032,Medium,88.51,0,0,Spartobacteria bacterium UBA967 [class],,,,,2629241,56.32707731,12.86,97.14102977,22848,617,260,2814,0.893065337,37881,59635,4224,10112,8428,15726,11,13,17,0,32,32,0.013273,k__Bacteria (UID2982),88,148,230,UID3054
DBCB00000000,UBA969,SRX474032,Medium,88.06,1.16,0,Planctomycetaceae bacterium UBA969 [family],891,98.761,Bacteria;Planctomycetes;Planctomycetacia;Planctomycetales;Planctomycetaceae;uncultured;uncultured bacterium,JN869000.1.1525,4565541,43.98503426,10.39,95.79978758,18890,689,377,3858,0.8876764,52833,91828,6598,12110,10934,16301,11,3,16,1,28,34,0.022446,k__Bacteria (UID2565),2921,86,141,UID2985
DBBS00000000,UBA978,SRX803008,Near complete,99.66,0.32,0,Sphingomonas sp. UBA978 [genus],,,,,3618807,68.52707479,25.36,99.90351849,497,35,21,3382,0.915531831,519220,524885,103380,172324,177607,252104,11,0,19,0,44,44,0.001651,o__Sphingomonadales (UID3310),26,293,569,UID3314
DBBA00000000,UBA996,SRX748871,Medium,85.91,2.73,22.22,Rhodobacteraceae bacterium UBA996 [family],,,,,3536939,70.28657013,36.01,99.8046008,63025,589,410,3752,0.880793534,46138,48246,5897,8626,10439,11765,11,35,17,0,30,31,0.009457,c__Alphaproteobacteria (UID3337),468,250,388,UID3339
